{
    "$schema":"http://schema.management.azure.com/schemas/2015-01-01/deploymentTemplate.json",
    "contentVersion":"1.0.0.0",
    "parameters":{
	"location": {
	    "type": "string"
	},
	"vnetName": {
	    "type": "string"
	}
    },
    "variables":{},
    
    "resources":
    [
	{
	    "type":"Microsoft.Network/virtualNetworks",
	    "name":"[parameters('vnetName')]",
	    "location":"[parameters('location')]",
	    "apiVersion":"2016-12-01",
	    "properties":{
		"addressSpace":{
		    "addressPrefixes":[
			"10.0.0.0/16"
		    ]
		},
		"subnets":[
		    {
			"name":"default",
			"properties":{
			    "addressPrefix":"10.0.0.0/21"
			}
		    }
		]
	    }
	}
    ],

    "outputs": {"subnetId": {"type": "string", "value": "[reference(parameters('vnetName'), '2016-12-01').subnets[0].id]"}}
}
