{"handler": "Microsoft.Compute.MultiVm", "version": "0.1.2-preview", "parameters": {"outputs": {"autoscaleDefault": "[steps('vmssServiceConfig').autoscaleMin]", "scaleInCPUPercentageThreshold": "[steps('vmssServiceConfig').scaleInCPUPercentageThreshold]", "authenticationType": "[basics(concat('vmssAuth', basics('osType'))).authenticationType]", "image": "[coalesce(steps('vmssServiceConfig').imageWindows, steps('vmssServiceConfig').imageLinux)]", "vmSku": "[coalesce(steps('vmssServiceConfig').vmSkuWindows, steps('vmssServiceConfig').vmSkuLinux)]", "osType": "[basics('osType')]", "scaleInInterval": "[steps('vmssServiceConfig').scaleInInterval]", "diskTypeIfSmall": "[steps('vmssServiceConfig').diskTypeIfSmall]", "pipName": "[steps('vmssServiceConfig').pip.name]", "singlePlacementGroup": "[coalesce(basics('singlePlacementGroup'), 'true')]", "autoscaleYesOrNo": "[steps('vmssServiceConfig').autoscaleYesOrNo]", "location": "[location()]", "username": "[basics(concat('adminUsername', basics('osType')))]", "scaleOutInterval": "[steps('vmssServiceConfig').scaleOutInterval]", "instanceCount": "[coalesce(steps('vmssServiceConfig').instanceCounttrue, steps('vmssServiceConfig').instanceCountfalse)]", "autoscaleMin": "[steps('vmssServiceConfig').autoscaleMin]", "autoscaleMax": "[steps('vmssServiceConfig').autoscaleMax]", "pipLabel": "[steps('vmssServiceConfig').pip.domainNameLabel]", "password": "[basics(concat('vmssAuth', basics('osType'))).password]", "scaleOutCPUPercentageThreshold": "[steps('vmssServiceConfig').scaleOutCPUPercentageThreshold]", "vmssName": "[basics('vmssName')]", "sshPublicKey": "[basics(concat('vmssAuth', basics('osType'))).sshPublicKey]"}, "basics": [{"label": "Virtual machine scale set name", "type": "Microsoft.Common.TextBox", "name": "vmssName", "constraints": {"regex": "^[a-z][a-z0-9]{1,59}[a-z0-9]$", "required": true, "validationMessage": "Only lowercase alphanumeric characters are allowed.  The value must be 1-61 lowercase characters long and cannot start with a number."}}, {"name": "osType", "defaultValue": "Windows", "toolTip": "", "label": "OS type", "type": "Microsoft.Common.OptionsGroup", "constraints": {"allowedValues": [{"value": "Windows", "label": "Windows"}, {"value": "Linux", "label": "Linux"}]}}, {"osPlatform": "Windows", "name": "adminUsernameWindows", "toolTip": "Admin user name for the virtual machines.", "label": "User name", "visible": "[equals('Windows', basics('osType'))]", "type": "Microsoft.Compute.UserNameTextBox", "constraints": {"required": true}}, {"osPlatform": "Linux", "name": "adminUsernameLinux", "toolTip": "Admin user name for the virtual machines.", "label": "User name", "visible": "[equals('Linux', basics('osType'))]", "type": "Microsoft.Compute.UserNameTextBox", "constraints": {"required": true}}, {"osPlatform": "Windows", "name": "vmssAuthWindows", "toolTip": {"sshPublicKey": "Copy and paste an OpenSSH public key, which can be generated with tools like ssh-keygen on Linux and OS X or PuttyGen on Windows.", "password": "", "authenticationType": "Authenticatoin type for the linux virtual machines"}, "label": {"sshPublicKey": "SSH public key", "password": "Password", "confirmPassword": "Confirm password", "authenticationType": "Authentication type"}, "visible": "[equals('Windows', basics('osType'))]", "type": "Microsoft.Compute.CredentialsCombo", "options": {"hideConfirmation": false, "hidePassword": false}, "constraints": {"required": true}}, {"osPlatform": "Linux", "name": "vmssAuthLinux", "toolTip": {"sshPublicKey": "Copy and paste an OpenSSH public key, which can be generated with tools like ssh-keygen on Linux and OS X or PuttyGen on Windows.", "password": "", "authenticationType": "Authenticatoin type for the linux virtual machines"}, "label": {"sshPublicKey": "SSH public key", "password": "Password", "confirmPassword": "Confirm password", "authenticationType": "Authentication type"}, "visible": "[equals('Linux', basics('osType'))]", "type": "Microsoft.Compute.CredentialsCombo", "options": {"hideConfirmation": false, "hidePassword": false}, "constraints": {"required": true}}, {"name": "singlePlacementGroup", "defaultValue": "True", "toolTip": "If True, the scale set will be limited to 1 placement group and can have a max capacity of 100. If False, the scale set can span Placement Groups. This allows for capacity to be up to 1,000 but changes the availability guarantees of the scale set.", "label": "Limit to a single placement group", "visible": false, "type": "Microsoft.Common.OptionsGroup", "constraints": {"allowedValues": [{"value": "true", "label": "True"}, {"value": "false", "label": "False"}]}}], "steps": [{"subLabel": {"postValidation": "Done", "preValidation": "Configure the scale set"}, "elements": [{"name": "pip", "defaultValue": {"publicIpAddressName": "ip01", "domainNameLabel": ""}, "toolTip": {"domainNameLabel": "Domain name label for the LB in front of the scale set", "publicIpAddress": "Public IP address for the LB in front of the scale set"}, "label": {"domainNameLabel": "Domain name label", "publicIpAddress": "Public IP address"}, "visible": "[equals('true', coalesce(basics('singlePlacementGroup'), 'true'))]", "type": "Microsoft.Network.PublicIpAddressCombo", "options": {"hideExisting": true, "hideNone": true, "hideDomainNameLabel": false}, "constraints": {"required": {"domainNameLabel": true}}}, {"name": "imageWindows", "defaultValue": "2016-Datacenter", "toolTip": "The operating system disk image for the virtual machines in the scale set.", "label": "Operating system disk image", "visible": "[equals('Windows', basics('osType'))]", "type": "Microsoft.Common.DropDown", "constraints": {"allowedValues": [{"value": "2016-Datacenter", "label": "2016-Datacenter"}, {"value": "2016-Datacenter-with-Containers", "label": "2016-Datacenter-with-Containers"}, {"value": "2012-R2-Datacenter", "label": "2012-R2-Datacenter"}, {"value": "2012-Datacenter", "label": "2012-Datacenter"}, {"value": "2008-R2-SP1", "label": "2008-R2-SP1"}]}}, {"name": "imageLinux", "toolTip": "The operating system disk image for the virtual machines in the scale set. WARNING: Provisioning a VM from RHEL or SLES requires a subscription with no spending limit and a verified payment method. Manage at [https://account.windowsazure.com/Subscriptions](https://account.windowsazure.com/Subscriptions)", "label": "Operating system disk image", "visible": "[equals('Linux', basics('osType'))]", "type": "Microsoft.Common.DropDown", "constraints": {"required": true, "allowedValues": [{"value": "CentOs7.2", "label": "CentOs7.2"}, {"value": "CoreOsStable", "label": "CoreOsStable"}, {"value": "Debian8.0", "label": "Debian8.0"}, {"value": "RHEL7.2", "label": "RHEL7.2"}, {"value": "SLES12-SP1", "label": "SLES12-SP1"}, {"value": "Ubuntu16.04-LTS", "label": "Ubuntu16.04-LTS"}]}}, {"name": "instanceCounttrue", "toolTip": "The number of virtual machines in the scale set (1-100).", "label": "Instance count", "visible": "[equals('true', coalesce(basics('singlePlacementGroup'), 'true'))]", "type": "Microsoft.Common.TextBox", "constraints": {"regex": "^[0-9]$|^[0-9][0-9]$|^100$", "required": true, "validationMessage": "This value can be from 0 to 100"}}, {"name": "instanceCountfalse", "toolTip": "The number of virtual machines in the scale set (1-1000).", "label": "Instance count", "visible": "[equals('false', coalesce(basics('singlePlacementGroup'), 'true'))]", "type": "Microsoft.Common.TextBox", "constraints": {"regex": "^[0-9]$|^[0-9][0-9]$|^[0-9][0-9][0-9]$|^1000$", "required": true, "validationMessage": "This value can be from 0 to 1000"}}, {"count": "[coalesce(steps('vmssServiceConfig').instanceCounttrue, steps('vmssServiceConfig').instanceCountfalse)]", "osPlatform": "Windows", "name": "vmSkuWindows", "recommendedSizes": ["Standard_D1_v2", "Standard_D2", "Standard_D3", "Standard_D4", "Standard_D11", "Standard_D12"], "toolTip": "The size of the virtual machine.", "label": "Scale set virtual machine size", "visible": "[equals('Windows', basics('osType'))]", "type": "Microsoft.Compute.SizeSelector", "constraints": {"excludedSizes": ["Basic_A0", "Basic_A1", "Basic_A2", "Basic_A3", "Basic_A4"]}}, {"count": "[coalesce(steps('vmssServiceConfig').instanceCounttrue, steps('vmssServiceConfig').instanceCountfalse)]", "osPlatform": "Linux", "name": "vmSkuLinux", "recommendedSizes": ["Standard_D1_v2", "Standard_D2", "Standard_D3", "Standard_D4", "Standard_D11", "Standard_D12"], "toolTip": "The size of the virtual machine.", "label": "Scale set virtual machine size", "visible": "[equals('Linux', basics('osType'))]", "type": "Microsoft.Compute.SizeSelector", "constraints": {"excludedSizes": ["Basic_A0", "Basic_A1", "Basic_A2", "Basic_A3", "Basic_A4"]}}, {"name": "diskTypeIfSmall", "defaultValue": "Unmanaged", "toolTip": "Managed disks hides the underlying storage accounts and instead shows the abstraction of a disk. Unmanaged disks exposes the underlying storage accounts and VHD blobs.", "label": "Disk Type", "visible": false, "type": "Microsoft.Common.OptionsGroup", "constraints": {"allowedValues": [{"value": "Managed", "label": "Managed"}, {"value": "Unmanaged", "label": "Unmanaged"}]}}, {"name": "autoscaleYesOrNo", "defaultValue": "Disabled", "toolTip": "Autoscale the number of instances based on CPU usage.", "label": "Autoscale", "visible": false, "type": "Microsoft.Common.OptionsGroup", "constraints": {"allowedValues": [{"value": "No", "label": "Disabled"}]}}, {"name": "autoscaleMin", "defaultValue": "1", "toolTip": "The minimum value for autoscale on this scale set.", "label": "Autoscale minimum number of VMs", "visible": "[equals('Yes', steps('vmssServiceConfig').autoscaleYesOrNo)]", "type": "Microsoft.Common.TextBox", "constraints": {"regex": "^[0-9]+$", "required": false, "validationMessage": "Must be a non-negative integer."}}, {"name": "autoscaleMax", "defaultValue": "10", "toolTip": "The maximum value for autoscale on this scale set.", "label": "Autoscale maximum number of VMs", "visible": "[equals('Yes', steps('vmssServiceConfig').autoscaleYesOrNo)]", "type": "Microsoft.Common.TextBox", "constraints": {"regex": "^[0-9]+$", "required": false, "validationMessage": "Must be a non-negative integer and greater than or equal to autoscaleMin."}}, {"name": "autoscaleDefault", "defaultValue": "1", "toolTip": "The default value for autoscale on this scale set.", "label": "Autoscale default number of VMs", "visible": false, "type": "Microsoft.Common.TextBox", "constraints": {"regex": "^[0-9]+$", "required": false, "validationMessage": "Must be a non-negative integer, greater than or equal to autoscaleMin, and less than or equal to autoscaleMax."}}, {"name": "scaleOutCPUPercentageThreshold", "defaultValue": "75", "toolTip": "The CPU usage percentage threshold for triggering the scale out autoscale rule.", "label": "Scale out CPU percentage threshold", "visible": "[equals('Yes', steps('vmssServiceConfig').autoscaleYesOrNo)]", "type": "Microsoft.Common.TextBox", "constraints": {"regex": "^[0-9]+$", "required": false, "validationMessage": "Must be a non-negative integer between 0 and 100."}}, {"name": "scaleOutInterval", "defaultValue": "1", "toolTip": "The number of virtual machines to add to the scale set when the scale out autoscale rule is triggered.", "label": "Number of VMs to increase by on scale out", "visible": "[equals('Yes', steps('vmssServiceConfig').autoscaleYesOrNo)]", "type": "Microsoft.Common.TextBox", "constraints": {"regex": "^[0-9]+$", "required": false, "validationMessage": "Must be a positive integer."}}, {"name": "scaleInCPUPercentageThreshold", "defaultValue": "25", "toolTip": "The CPU usage percentage threshold for triggering the scale in autoscale rule.", "label": "Scale in CPU percentage threshold", "visible": "[equals('Yes', steps('vmssServiceConfig').autoscaleYesOrNo)]", "type": "Microsoft.Common.TextBox", "constraints": {"regex": "^[0-9]+$", "required": false, "validationMessage": "Must be a non-negative integer between 0 and 100."}}, {"name": "scaleInInterval", "defaultValue": "1", "toolTip": "The number of virtual machines to remove from the scale set when the scale in autoscale rule is triggered.", "label": "Number of VMs to decrease by on scale in", "visible": "[equals('Yes', steps('vmssServiceConfig').autoscaleYesOrNo)]", "type": "Microsoft.Common.TextBox", "constraints": {"regex": "^[0-9]+$", "required": false, "validationMessage": "Must be a positive integer."}}], "name": "vmssServiceConfig", "bladeTitle": "Virtual machine scale set service settings", "label": "Virtual machine scale set service settings"}]}}